{"cameraMode":{"drawMode":0,"name":"Shaded","section":"Shading Mode"},"sceneLighting":false,"audioPlay":false,"sceneViewState":{"m_AlwaysRefresh":false,"showFog":true,"showSkybox":false,"showFlares":true,"showImageEffects":true,"showParticleSystems":true,"showVisualEffectGraphs":true,"m_FxEnabled":true},"in2DMode":false,"pivot":{"x":1.4220720529556275,"y":-0.13768315315246583,"z":0.39272695779800417},"rotation":{"x":-0.033462829887866977,"y":-0.6109182238578796,"z":0.025869665667414666,"w":-0.7905755639076233},"size":0.988278865814209,"orthographic":false}