{"cameraMode":{"drawMode":0,"name":"Shaded","section":"Shading Mode"},"sceneLighting":false,"audioPlay":false,"sceneViewState":{"m_AlwaysRefresh":false,"showFog":true,"showSkybox":false,"showFlares":true,"showImageEffects":true,"showParticleSystems":true,"showVisualEffectGraphs":true,"m_FxEnabled":true},"in2DMode":false,"pivot":{"x":1.6538112163543702,"y":0.5299006104469299,"z":-0.9718427658081055},"rotation":{"x":-0.2072155922651291,"y":0.36435171961784365,"z":-0.0835106372833252,"w":-0.9040796756744385},"size":0.14022549986839295,"orthographic":false}