{"cameraMode":{"drawMode":0,"name":"Shaded","section":"Shading Mode"},"sceneLighting":true,"audioPlay":false,"sceneViewState":{"m_AlwaysRefresh":false,"showFog":true,"showSkybox":true,"showFlares":true,"showImageEffects":true,"showParticleSystems":true,"showVisualEffectGraphs":true,"m_FxEnabled":true},"in2DMode":false,"pivot":{"x":-0.6737630367279053,"y":0.3173411786556244,"z":0.7893341779708862},"rotation":{"x":0.18848884105682374,"y":-0.5927322506904602,"z":0.14534883201122285,"w":0.7695280909538269},"size":1.9037587642669678,"orthographic":false}