{"cameraMode":{"drawMode":0,"name":"Shaded","section":"Shading Mode"},"sceneLighting":true,"audioPlay":false,"sceneViewState":{"m_AlwaysRefresh":false,"showFog":true,"showSkybox":true,"showFlares":true,"showImageEffects":true,"showParticleSystems":true,"showVisualEffectGraphs":true,"m_FxEnabled":true},"in2DMode":false,"pivot":{"x":0.051750004291534427,"y":-0.03699997067451477,"z":0.289499968290329},"rotation":{"x":0.02772504836320877,"y":0.6672605276107788,"z":0.024777108803391458,"w":-0.7439578175544739},"size":1.506563663482666,"orthographic":false}